id_personne,id_salle_de_concert,id_artiste,id_groupe,id_association,nom,description_utilisateur
1,,,,,"John Doe","Utilisateur normal"
,1,,,,"Alice Smith","Utilisateur associé à une salle de concert"
,,1,,,"Robert Johnson","Utilisateur associé à un artiste"
,,,1,,"Emily Wilson","Utilisateur associé à un groupe"
,,,,1,"Michael Brown","Utilisateur associé à une association"
2,,,,,"Jane Smith","Utilisateur normal"
,2,,,,"David Johnson","Utilisateur associé à une salle de concert"
,,2,,,"Olivia Davis","Utilisateur associé à un artiste"
,,,2,,"William Anderson","Utilisateur associé à un groupe"
,,,,2,"Sophia Miller","Utilisateur associé à une association"
3,,,,,"Mark Wilson","Utilisateur normal"
,3,,,,"Jennifer Thompson","Utilisateur associé à une salle de concert"
,,3,,,"Daniel Davis","Utilisateur associé à un artiste"
,,,3,,"Olivia Moore","Utilisateur associé à un groupe"
,,,,3,"Michael Johnson","Utilisateur associé à une association"
4,,,,,"Emma Wilson","Utilisateur normal"
,4,,,,"William Clark","Utilisateur associé à une salle de concert"
,,4,,,"Sophia Davis","Utilisateur associé à un artiste"
,,,4,,"Ethan Thompson","Utilisateur associé à un groupe"
,,,,4,"Olivia Anderson","Utilisateur associé à une association"
5,,,,,"Henry Miller","Utilisateur normal"
,5,,,,"Emily Wilson","Utilisateur associé à une salle de concert"
,,5,,,"Daniel Clark","Utilisateur associé à un artiste"
,,,5,,"Sophia Davis","Utilisateur associé à un groupe"
,,,,5,"Oliver Thompson","Utilisateur associé à une association"
6,,,,,"Olivia Anderson","Utilisateur normal"
,6,,,,"Henry Thompson","Utilisateur associé à une salle de concert"
,,6,,,"Amelia Clark","Utilisateur associé à un artiste"
,,,6,,"Lucas Davis","Utilisateur associé à un groupe"
,,,,6,"Ethan Wilson","Utilisateur associé à une association"
7,,,,,"Sophia Wilson","Utilisateur normal"
,7,,,,"Oliver Clark","Utilisateur associé à une salle de concert"
,,7,,,"Henry Thompson","Utilisateur associé à un artiste"
,,,7,,"Mia Davis","Utilisateur associé à un groupe"
,,,,7,"Lucas Johnson","Utilisateur associé à une association"
8,,,,,"Lucas Davis","Utilisateur normal"
,8,,,,"Mia Johnson","Utilisateur associé à une salle de concert"
,,8,,,"Alexander Wilson","Utilisateur associé à un artiste"
,,,8,,"Sophia Davis","Utilisateur associé à un groupe"
,,,,8,"Henry Thompson","Utilisateur associé à une association"
9,,,,,"Emma Anderson","Utilisateur normal"
,9,,,,"Henry Clark","Utilisateur associé à une salle de concert"
,,9,,,"Sophia Davis","Utilisateur associé à un artiste"
,,,9,,"Lucas Thompson","Utilisateur associé à un groupe"
,,,,9,"Amelia Wilson","Utilisateur associé à une association"
10,,,,,"Oliver Martin","Utilisateur normal"
,10,,,,"Mia Johnson","Utilisateur associé à une salle de concert"
,,10,,,"Alexander Wilson","Utilisateur associé à un artiste"
,,,10,,"Sophia Davis","Utilisateur associé à un groupe"
,,,,10,"Henry Thompson","Utilisateur associé à une association"
11,,,,,"Sophia Anderson","Utilisateur normal"
,11,,,,"Henry Wilson","Utilisateur associé à une salle de concert"
,,11,,,"Amelia Clark","Utilisateur associé à un artiste"
,,,11,,"Lucas Thompson","Utilisateur associé à un groupe"
,,,,11,"Mia Davis","Utilisateur associé à une association"
12,,,,,"Elijah Martin","Utilisateur normal"
,12,,,,"Olivia Wilson","Utilisateur associé à une salle de concert"
,,12,,,"Henry Clark","Utilisateur associé à un artiste"
,,,12,,"Sophia Davis","Utilisateur associé à un groupe"
,,,,12,"Ethan Thompson","Utilisateur associé à une association"
13,,,,,"Mia Anderson","Utilisateur normal"
,13,,,,"Alexander Wilson","Utilisateur associé à une salle de concert"
,,13,,,"Sophia Clark","Utilisateur associé à un artiste"
,,,13,,"Henry Thompson","Utilisateur associé à un groupe"
,,,,13,"Amelia Davis","Utilisateur associé à une association"
14,,,,,"Oliver Martin","Utilisateur normal"
,14,,,,"Lucas Johnson","Utilisateur associé à une salle de concert"
,,14,,,"Mia Thompson","Utilisateur associé à un artiste"
,,,14,,"Sophia Davis","Utilisateur associé à un groupe"
,,,,14,"Henry Wilson","Utilisateur associé à une association"
15,,,,,"Emma Anderson","Utilisateur normal"
,15,,,,"Henry Clark","Utilisateur associé à une salle de concert"
,,15,,,"Sophia Davis","Utilisateur associé à un artiste"
,,,15,,"Lucas Thompson","Utilisateur associé à un groupe"
,,,,15,"Amelia Wilson","Utilisateur associé à une association"
16,,,,,"Oliver Martin","Utilisateur normal"
,16,,,,"Mia Johnson","Utilisateur associé à une salle de concert"
,,16,,,"Alexander Wilson","Utilisateur associé à un artiste"
,,,16,,"Sophia Davis","Utilisateur associé à un groupe"
,,,,16,"Henry Thompson","Utilisateur associé à une association"
17,,,,,"Lucas Anderson","Utilisateur normal"
,17,,,,"Emma Wilson","Utilisateur associé à une salle de concert"
,,17,,,"Oliver Clark","Utilisateur associé à un artiste"
,,,17,,"Henry Thompson","Utilisateur associé à un groupe"
,,,,17,"Amelia Davis","Utilisateur associé à une association"
18,,,,,"Ethan Martin","Utilisateur normal"
,18,,,,"Sophia Wilson","Utilisateur associé à une salle de concert"
,,18,,,"Henry Thompson","Utilisateur associé à un artiste"
,,,18,,"Lucas Davis","Utilisateur associé à un groupe"
,,,,18,"Mia Johnson","Utilisateur associé à une association"
19,,,,,"Olivia Anderson","Utilisateur normal"
,19,,,,"Amelia Wilson","Utilisateur associé à une salle de concert"
,,19,,,"Henry Clark","Utilisateur associé à un artiste"
,,,19,,"Sophia Davis","Utilisateur associé à un groupe"
,,,,19,"Elijah Thompson","Utilisateur associé à une association"
20,,,,,"Lucas Martin","Utilisateur normal"
,20,,,,"Mia Johnson","Utilisateur associé à une salle de concert"
,,20,,,"Alexander Wilson","Utilisateur associé à un artiste"
,,,20,,"Sophia Davis","Utilisateur associé à un groupe"
,,,,20,"Henry Thompson","Utilisateur associé à une association"
21,,,,,"Sophia Anderson","Utilisateur normal"
,21,,,,"Henry Wilson","Utilisateur associé à une salle de concert"
,,21,,,"Amelia Clark","Utilisateur associé à un artiste"
,,,21,,"Lucas Thompson","Utilisateur associé à un groupe"
,,,,21,"Mia Davis","Utilisateur associé à une association"
22,,,,,"Elijah Martin","Utilisateur normal"
,22,,,,"Olivia Wilson","Utilisateur associé à une salle de concert"
,,22,,,"Henry Clark","Utilisateur associé à un artiste"
,,,22,,"Sophia Davis","Utilisateur associé à un groupe"
,,,,22,"Ethan Thompson","Utilisateur associé à une association"
23,,,,,"Mia Anderson","Utilisateur normal"
,23,,,,"Alexander Wilson","Utilisateur associé à une salle de concert"
,,23,,,"Sophia Clark","Utilisateur associé à un artiste"
,,,23,,"Henry Thompson","Utilisateur associé à un groupe"
,,,,23,"Amelia Davis","Utilisateur associé à une association"
24,,,,,"Oliver Martin","Utilisateur normal"
,24,,,,"Lucas Johnson","Utilisateur associé à une salle de concert"
,,24,,,"Mia Thompson","Utilisateur associé à un artiste"
,,,24,,"Sophia Davis","Utilisateur associé à un groupe"
,,,,24,"Henry Wilson","Utilisateur associé à une association"
25,,,,,"Emma Anderson","Utilisateur normal"
,25,,,,"Henry Clark","Utilisateur associé à une salle de concert"
,,25,,,"Sophia Davis","Utilisateur associé à un artiste"
,,,25,,"Lucas Thompson","Utilisateur associé à un groupe"
,,,,25,"Amelia Wilson","Utilisateur associé à une association"
26,,,,,"Oliver Martin","Utilisateur normal"
,26,,,,"Mia Johnson","Utilisateur associé à une salle de concert"
,,26,,,"Alexander Wilson","Utilisateur associé à un artiste"
,,,26,,"Sophia Davis","Utilisateur associé à un groupe"
,,,,26,"Henry Thompson","Utilisateur associé à une association"
27,,,,,"Lucas Anderson","Utilisateur normal"
,27,,,,"Emma Wilson","Utilisateur associé à une salle de concert"
,,27,,,"Oliver Clark","Utilisateur associé à un artiste"
,,,27,,"Henry Thompson","Utilisateur associé à un groupe"
,,,,27,"Amelia Davis","Utilisateur associé à une association"
28,,,,,"Ethan Martin","Utilisateur normal"
,28,,,,"Sophia Wilson","Utilisateur associé à une salle de concert"
,,28,,,"Henry Thompson","Utilisateur associé à un artiste"
,,,28,,"Lucas Davis","Utilisateur associé à un groupe"
,,,,28,"Mia Johnson","Utilisateur associé à une association"
29,,,,,"Olivia Anderson","Utilisateur normal"
,29,,,,"Amelia Wilson","Utilisateur associé à une salle de concert"
,,29,,,"Henry Clark","Utilisateur associé à un artiste"
,,,29,,"Sophia Davis","Utilisateur associé à un groupe"
,,,,29,"Elijah Thompson","Utilisateur associé à une association"
30,,,,,"Lucas Martin","Utilisateur normal"
,30,,,,"Mia Johnson","Utilisateur associé à une salle de concert"
,,30,,,"Alexander Wilson","Utilisateur associé à un artiste"
,,,30,,"Sophia Davis","Utilisateur associé à un groupe"
,,,,30,"Henry Thompson","Utilisateur associé à une association"
31,,,,,"Sophia Anderson","Utilisateur normal"
,31,,,,"Henry Wilson","Utilisateur associé à une salle de concert"
,,31,,,"Amelia Clark","Utilisateur associé à un artiste"
,,,31,,"Lucas Thompson","Utilisateur associé à un groupe"
,,,,31,"Mia Davis","Utilisateur associé à une association"
32,,,,,"Elijah Martin","Utilisateur normal"
,32,,,,"Olivia Wilson","Utilisateur associé à une salle de concert"
,,32,,,"Henry Clark","Utilisateur associé à un artiste"
,,,32,,"Sophia Davis","Utilisateur associé à un groupe"
,,,,32,"Ethan Thompson","Utilisateur associé à une association"
33,,,,,"Mia Anderson","Utilisateur normal"
,33,,,,"Alexander Wilson","Utilisateur associé à une salle de concert"
,,33,,,"Sophia Clark","Utilisateur associé à un artiste"
,,,33,,"Henry Thompson","Utilisateur associé à un groupe"
,,,,33,"Amelia Davis","Utilisateur associé à une association"
34,,,,,"Oliver Martin","Utilisateur normal"
,34,,,,"Lucas Johnson","Utilisateur associé à une salle de concert"
,,34,,,"Mia Thompson","Utilisateur associé à un artiste"
,,,34,,"Sophia Davis","Utilisateur associé à un groupe"
,,,,34,"Henry Wilson","Utilisateur associé à une association"
35,,,,,"Emma Anderson","Utilisateur normal"
,35,,,,"Henry Clark","Utilisateur associé à une salle de concert"
,,35,,,"Sophia Davis","Utilisateur associé à un artiste"
,,,35,,"Lucas Thompson","Utilisateur associé à un groupe"
,,,,35,"Amelia Wilson","Utilisateur associé à une association"
36,,,,,"Oliver Martin","Utilisateur normal"
,36,,,,"Mia Johnson","Utilisateur associé à une salle de concert"
,,36,,,"Alexander Wilson","Utilisateur associé à un artiste"
,,,36,,"Sophia Davis","Utilisateur associé à un groupe"
,,,,36,"Henry Thompson","Utilisateur associé à une association"
37,,,,,"Lucas Anderson","Utilisateur normal"
,37,,,,"Emma Wilson","Utilisateur associé à une salle de concert"
,,37,,,"Oliver Clark","Utilisateur associé à un artiste"
,,,37,,"Henry Thompson","Utilisateur associé à un groupe"
,,,,37,"Amelia Davis","Utilisateur associé à une association"
38,,,,,"Ethan Martin","Utilisateur normal"
,38,,,,"Sophia Wilson","Utilisateur associé à une salle de concert"
,,38,,,"Henry Thompson","Utilisateur associé à un artiste"
,,,38,,"Lucas Davis","Utilisateur associé à un groupe"
,,,,38,"Mia Johnson","Utilisateur associé à une association"
39,,,,,"Olivia Anderson","Utilisateur normal"
,39,,,,"Amelia Wilson","Utilisateur associé à une salle de concert"
,,39,,,"Henry Clark","Utilisateur associé à un artiste"
,,,39,,"Sophia Davis","Utilisateur associé à un groupe"
,,,,39,"Elijah Thompson","Utilisateur associé à une association"
40,,,,,"Lucas Martin","Utilisateur normal"
,40,,,,"Mia Johnson","Utilisateur associé à une salle de concert"
,,40,,,"Alexander Wilson","Utilisateur associé à un artiste"
,,,40,,"Sophia Davis","Utilisateur associé à un groupe"
,,,,40,"Henry Thompson","Utilisateur associé à une association"
41,,,,,"Sophia Anderson","Utilisateur normal"
,41,,,,"Henry Wilson","Utilisateur associé à une salle de concert"
,,41,,,"Amelia Clark","Utilisateur associé à un artiste"
,,,41,,"Lucas Thompson","Utilisateur associé à un groupe"
,,,,41,"Mia Davis","Utilisateur associé à une association"
42,,,,,"Elijah Martin","Utilisateur normal"
,42,,,,"Olivia Wilson","Utilisateur associé à une salle de concert"
,,42,,,"Henry Clark","Utilisateur associé à un artiste"
,,,42,,"Sophia Davis","Utilisateur associé à un groupe"
,,,,42,"Ethan Thompson","Utilisateur associé à une association"
43,,,,,"Mia Anderson","Utilisateur normal"
,43,,,,"Alexander Wilson","Utilisateur associé à une salle de concert"
,,43,,,"Sophia Clark","Utilisateur associé à un artiste"
,,,43,,"Henry Thompson","Utilisateur associé à un groupe"
,,,,43,"Amelia Davis","Utilisateur associé à une association"
44,,,,,"Oliver Martin","Utilisateur normal"
,44,,,,"Lucas Johnson","Utilisateur associé à une salle de concert"
,,44,,,"Mia Thompson","Utilisateur associé à un artiste"
,,,44,,"Sophia Davis","Utilisateur associé à un groupe"
,,,,44,"Henry Wilson","Utilisateur associé à une association"
45,,,,,"Emma Anderson","Utilisateur normal"
,45,,,,"Henry Clark","Utilisateur associé à une salle de concert"
,,45,,,"Sophia Davis","Utilisateur associé à un artiste"
,,,45,,"Lucas Thompson","Utilisateur associé à un groupe"
,,,,45,"Amelia Wilson","Utilisateur associé à une association"
46,,,,,"Oliver Martin","Utilisateur normal"
,46,,,,"Mia Johnson","Utilisateur associé à une salle de concert"
,,46,,,"Alexander Wilson","Utilisateur associé à un artiste"
,,,46,,"Sophia Davis","Utilisateur associé à un groupe"
,,,,46,"Henry Thompson","Utilisateur associé à une association"
47,,,,,"Lucas Anderson","Utilisateur normal"
,47,,,,"Emma Wilson","Utilisateur associé à une salle de concert"
,,47,,,"Oliver Clark","Utilisateur associé à un artiste"
,,,47,,"Henry Thompson","Utilisateur associé à un groupe"
,,,,47,"Amelia Davis","Utilisateur associé à une association"
48,,,,,"Ethan Martin","Utilisateur normal"
,48,,,,"Sophia Wilson","Utilisateur associé à une salle de concert"
,,48,,,"Henry Thompson","Utilisateur associé à un artiste"
,,,48,,"Lucas Davis","Utilisateur associé à un groupe"
,,,,48,"Mia Johnson","Utilisateur associé à une association"
49,,,,,"Olivia Anderson","Utilisateur normal"
,49,,,,"Amelia Wilson","Utilisateur associé à une salle de concert"
,,49,,,"Henry Clark","Utilisateur associé à un artiste"
,,,49,,"Sophia Davis","Utilisateur associé à un groupe"
,,,,49,"Elijah Thompson","Utilisateur associé à une association"
50,,,,,"Lucas Martin","Utilisateur normal"
,50,,,,"Mia Johnson","Utilisateur associé à une salle de concert"
,,50,,,"Alexander Wilson","Utilisateur associé à un artiste"
,,,50,,"Sophia Davis","Utilisateur associé à un groupe"
,,,,50,"Henry Thompson","Utilisateur associé à une association"
51,,,,,"Sophia Anderson","Utilisateur normal"
,51,,,,"Henry Wilson","Utilisateur associé à une salle de concert"
,,51,,,"Amelia Clark","Utilisateur associé à un artiste"
,,,51,,"Lucas Thompson","Utilisateur associé à un groupe"
,,,,51,"Mia Davis","Utilisateur associé à une association"
52,,,,,"Elijah Martin","Utilisateur normal"
,52,,,,"Olivia Wilson","Utilisateur associé à une salle de concert"
,,52,,,"Henry Clark","Utilisateur associé à un artiste"
,,,52,,"Sophia Davis","Utilisateur associé à un groupe"
,,,,52,"Ethan Thompson","Utilisateur associé à une association"
53,,,,,"Mia Anderson","Utilisateur normal"
,53,,,,"Alexander Wilson","Utilisateur associé à une salle de concert"
,,53,,,"Sophia Clark","Utilisateur associé à un artiste"
,,,53,,"Henry Thompson","Utilisateur associé à un groupe"
,,,,53,"Amelia Davis","Utilisateur associé à une association"
54,,,,,"Oliver Martin","Utilisateur normal"
,54,,,,"Lucas Johnson","Utilisateur associé à une salle de concert"
,,54,,,"Mia Thompson","Utilisateur associé à un artiste"
,,,54,,"Sophia Davis","Utilisateur associé à un groupe"
,,,,54,"Henry Wilson","Utilisateur associé à une association"
55,,,,,"Emma Anderson","Utilisateur normal"
,55,,,,"Henry Clark","Utilisateur associé à une salle de concert"
,,55,,,"Sophia Davis","Utilisateur associé à un artiste"
,,,55,,"Lucas Thompson","Utilisateur associé à un groupe"
,,,,55,"Amelia Wilson","Utilisateur associé à une association"
56,,,,,"Oliver Martin","Utilisateur normal"
,56,,,,"Mia Johnson","Utilisateur associé à une salle de concert"
,,56,,,"Alexander Wilson","Utilisateur associé à un artiste"
,,,56,,"Sophia Davis","Utilisateur associé à un groupe"
,,,,56,"Henry Thompson","Utilisateur associé à une association"
57,,,,,"Lucas Anderson","Utilisateur normal"
,57,,,,"Emma Wilson","Utilisateur associé à une salle de concert"
,,57,,,"Oliver Clark","Utilisateur associé à un artiste"
,,,57,,"Henry Thompson","Utilisateur associé à un groupe"
,,,,57,"Amelia Davis","Utilisateur associé à une association"
58,,,,,"Ethan Martin","Utilisateur normal"
,58,,,,"Sophia Wilson","Utilisateur associé à une salle de concert"
,,58,,,"Henry Thompson","Utilisateur associé à un artiste"
,,,58,,"Lucas Davis","Utilisateur associé à un groupe"
,,,,58,"Mia Johnson","Utilisateur associé à une association"
59,,,,,"Olivia Anderson","Utilisateur normal"
,59,,,,"Amelia Wilson","Utilisateur associé à une salle de concert"
,,59,,,"Henry Clark","Utilisateur associé à un artiste"
,,,59,,"Sophia Davis","Utilisateur associé à un groupe"
,,,,59,"Elijah Thompson","Utilisateur associé à une association"
60,,,,,"Lucas Martin","Utilisateur normal"
,60,,,,"Mia Johnson","Utilisateur associé à une salle de concert"
,,60,,,"Alexander Wilson","Utilisateur associé à un artiste"
,,,60,,"Sophia Davis","Utilisateur associé à un groupe"
,,,,60,"Henry Thompson","Utilisateur associé à une association"
61,,,,,"Sophia Anderson","Utilisateur normal"
,61,,,,"Henry Wilson","Utilisateur associé à une salle de concert"
,,61,,,"Amelia Clark","Utilisateur associé à un artiste"
,,,61,,"Lucas Thompson","Utilisateur associé à un groupe"
,,,,61,"Mia Davis","Utilisateur associé à une association"
62,,,,,"Elijah Martin","Utilisateur normal"
,62,,,,"Olivia Wilson","Utilisateur associé à une salle de concert"
,,62,,,"Henry Clark","Utilisateur associé à un artiste"
,,,62,,"Sophia Davis","Utilisateur associé à un groupe"
,,,,62,"Ethan Thompson","Utilisateur associé à une association"
63,,,,,"Mia Anderson","Utilisateur normal"
,63,,,,"Alexander Wilson","Utilisateur associé à une salle de concert"
,,63,,,"Sophia Clark","Utilisateur associé à un artiste"
,,,63,,"Henry Thompson","Utilisateur associé à un groupe"
,,,,63,"Amelia Davis","Utilisateur associé à une association"
64,,,,,"Oliver Martin","Utilisateur normal"
,64,,,,"Lucas Johnson","Utilisateur associé à une salle de concert"
,,64,,,"Mia Thompson","Utilisateur associé à un artiste"
,,,64,,"Sophia Davis","Utilisateur associé à un groupe"
,,,,64,"Henry Wilson","Utilisateur associé à une association"
65,,,,,"Emma Anderson","Utilisateur normal"
,65,,,,"Henry Clark","Utilisateur associé à une salle de concert"
,,65,,,"Sophia Davis","Utilisateur associé à un artiste"
,,,65,,"Lucas Thompson","Utilisateur associé à un groupe"
,,,,65,"Amelia Wilson","Utilisateur associé à une association"
66,,,,,"Oliver Martin","Utilisateur normal"
,66,,,,"Mia Johnson","Utilisateur associé à une salle de concert"
,,66,,,"Alexander Wilson","Utilisateur associé à un artiste"
,,,66,,"Sophia Davis","Utilisateur associé à un groupe"
,,,,66,"Henry Thompson","Utilisateur associé à une association"
67,,,,,"Lucas Anderson","Utilisateur normal"
,67,,,,"Emma Wilson","Utilisateur associé à une salle de concert"
,,67,,,"Oliver Clark","Utilisateur associé à un artiste"
,,,67,,"Henry Thompson","Utilisateur associé à un groupe"
,,,,67,"Amelia Davis","Utilisateur associé à une association"
68,,,,,"Ethan Martin","Utilisateur normal"
,68,,,,"Sophia Wilson","Utilisateur associé à une salle de concert"
,,68,,,"Henry Thompson","Utilisateur associé à un artiste"
,,,68,,"Lucas Davis","Utilisateur associé à un groupe"
,,,,68,"Mia Johnson","Utilisateur associé à une association"
69,,,,,"Olivia Anderson","Utilisateur normal"
,69,,,,"Amelia Wilson","Utilisateur associé à une salle de concert"
,,69,,,"Henry Clark","Utilisateur associé à un artiste"
,,,69,,"Sophia Davis","Utilisateur associé à un groupe"
,,,,69,"Elijah Thompson","Utilisateur associé à une association"
70,,,,,"Lucas Martin","Utilisateur normal"
,70,,,,"Mia Johnson","Utilisateur associé à une salle de concert"
,,70,,,"Alexander Wilson","Utilisateur associé à un artiste"
,,,70,,"Sophia Davis","Utilisateur associé à un groupe"
,,,,70,"Henry Thompson","Utilisateur associé à une association"
71,,,,,"Sophia Anderson","Utilisateur normal"
,71,,,,"Henry Wilson","Utilisateur associé à une salle de concert"
,,71,,,"Amelia Clark","Utilisateur associé à un artiste"
,,,71,,"Lucas Thompson","Utilisateur associé à un groupe"
,,,,71,"Mia Davis","Utilisateur associé à une association"
72,,,,,"Elijah Martin","Utilisateur normal"
,72,,,,"Olivia Wilson","Utilisateur associé à une salle de concert"
,,72,,,"Henry Clark","Utilisateur associé à un artiste"
,,,72,,"Sophia Davis","Utilisateur associé à un groupe"
,,,,72,"Ethan Thompson","Utilisateur associé à une association"
73,,,,,"Mia Anderson","Utilisateur normal"
,73,,,,"Alexander Wilson","Utilisateur associé à une salle de concert"
,,73,,,"Sophia Clark","Utilisateur associé à un artiste"
,,,73,,"Henry Thompson","Utilisateur associé à un groupe"
,,,,73,"Amelia Davis","Utilisateur associé à une association"
74,,,,,"Oliver Martin","Utilisateur normal"
,74,,,,"Lucas Johnson","Utilisateur associé à une salle de concert"
,,74,,,"Mia Thompson","Utilisateur associé à un artiste"
,,,74,,"Sophia Davis","Utilisateur associé à un groupe"
,,,,74,"Henry Wilson","Utilisateur associé à une association"
75,,,,,"Emma Anderson","Utilisateur normal"
,75,,,,"Henry Clark","Utilisateur associé à une salle de concert"
,,75,,,"Sophia Davis","Utilisateur associé à un artiste"
,,,75,,"Lucas Thompson","Utilisateur associé à un groupe"
,,,,75,"Amelia Wilson","Utilisateur associé à une association"
76,,,,,"Oliver Martin","Utilisateur normal"
,76,,,,"Mia Johnson","Utilisateur associé à une salle de concert"
,,76,,,"Alexander Wilson","Utilisateur associé à un artiste"
,,,76,,"Sophia Davis","Utilisateur associé à un groupe"
,,,,76,"Henry Thompson","Utilisateur associé à une association"
77,,,,,"Lucas Anderson","Utilisateur normal"
,77,,,,"Emma Wilson","Utilisateur associé à une salle de concert"
,,77,,,"Oliver Clark","Utilisateur associé à un artiste"
,,,77,,"Henry Thompson","Utilisateur associé à un groupe"
,,,,77,"Amelia Davis","Utilisateur associé à une association"
78,,,,,"Ethan Martin","Utilisateur normal"
,78,,,,"Sophia Wilson","Utilisateur associé à une salle de concert"
,,78,,,"Henry Thompson","Utilisateur associé à un artiste"
,,,78,,"Lucas Davis","Utilisateur associé à un groupe"
,,,,78,"Mia Johnson","Utilisateur associé à une association"
79,,,,,"Olivia Anderson","Utilisateur normal"
,79,,,,"Amelia Wilson","Utilisateur associé à une salle de concert"
,,79,,,"Henry Clark","Utilisateur associé à un artiste"
,,,79,,"Sophia Davis","Utilisateur associé à un groupe"
,,,,79,"Elijah Thompson","Utilisateur associé à une association"
80,,,,,"Lucas Martin","Utilisateur normal"
,80,,,,"Mia Johnson","Utilisateur associé à une salle de concert"
,,80,,,"Alexander Wilson","Utilisateur associé à un artiste"
,,,80,,"Sophia Davis","Utilisateur associé à un groupe"
,,,,80,"Henry Thompson","Utilisateur associé à une association"
81,,,,,"Sophia Anderson","Utilisateur normal"
,81,,,,"Henry Wilson","Utilisateur associé à une salle de concert"
,,81,,,"Amelia Clark","Utilisateurassocié à un artiste"
,,,81,,"Lucas Thompson","Utilisateur associé à un groupe"
,,,,81,"Mia Davis","Utilisateur associé à une association"
82,,,,,"Elijah Martin","Utilisateur normal"
,82,,,,"Olivia Wilson","Utilisateur associé à une salle de concert"
,,82,,,"Henry Clark","Utilisateur associé à un artiste"
,,,82,,"Sophia Davis","Utilisateur associé à un groupe"
,,,,82,"Ethan Thompson","Utilisateur associé à une association"
83,,,,,"Mia Anderson","Utilisateur normal"
,83,,,,"Alexander Wilson","Utilisateur associé à une salle de concert"
,,83,,,"Sophia Clark","Utilisateur associé à un artiste"
,,,83,,"Henry Thompson","Utilisateur associé à un groupe"
,,,,83,"Amelia Davis","Utilisateur associé à une association"
84,,,,,"Oliver Martin","Utilisateur normal"
,84,,,,"Lucas Johnson","Utilisateur associé à une salle de concert"
,,84,,,"Mia Thompson","Utilisateur associé à un artiste"
,,,84,,"Sophia Davis","Utilisateur associé à un groupe"
,,,,84,"Henry Wilson","Utilisateur associé à une association"
85,,,,,"Emma Anderson","Utilisateur normal"
,85,,,,"Henry Clark","Utilisateur associé à une salle de concert"
,,85,,,"Sophia Davis","Utilisateur associé à un artiste"
,,,85,,"Lucas Thompson","Utilisateur associé à un groupe"
,,,,85,"Amelia Wilson","Utilisateur associé à une association"
86,,,,,"Oliver Martin","Utilisateur normal"
,86,,,,"Mia Johnson","Utilisateur associé à une salle de concert"
,,86,,,"Alexander Wilson","Utilisateur associé à un artiste"
,,,86,,"Sophia Davis","Utilisateur associé à un groupe"
,,,,86,"Henry Thompson","Utilisateur associé à une association"
87,,,,,"Lucas Anderson","Utilisateur normal"
,87,,,,"Emma Wilson","Utilisateur associé à une salle de concert"
,,87,,,"Oliver Clark","Utilisateur associé à un artiste"
,,,87,,"Henry Thompson","Utilisateur associé à un groupe"
,,,,87,"Amelia Davis","Utilisateur associé à une association"
88,,,,,"Ethan Martin","Utilisateur normal"
,88,,,,"Sophia Wilson","Utilisateur associé à une salle de concert"
,,88,,,"Henry Thompson","Utilisateur associé à un artiste"
,,,88,,"Lucas Davis","Utilisateur associé à un groupe"
,,,,88,"Mia Johnson","Utilisateur associé à une association"
89,,,,,"Olivia Anderson","Utilisateur normal"
,89,,,,"Amelia Wilson","Utilisateur associé à une salle de concert"
,,89,,,"Henry Clark","Utilisateur associé à un artiste"
,,,89,,"Sophia Davis","Utilisateur associé à un groupe"
,,,,89,"Elijah Thompson","Utilisateur associé à une association"
90,,,,,"Lucas Martin","Utilisateur normal"
,90,,,,"Mia Johnson","Utilisateur associé à une salle de concert"
,,90,,,"Alexander Wilson","Utilisateur associé à un artiste"
,,,90,,"Sophia Davis","Utilisateur associé à un groupe"
,,,,90,"Henry Thompson","Utilisateur associé à une association"
91,,,,,"Sophia Anderson","Utilisateur normal"
,91,,,,"Henry Wilson","Utilisateur associé à une salle de concert"
,,91,,,"Amelia Clark","Utilisateur associé à un artiste"
,,,91,,"Lucas Thompson","Utilisateur associé à un groupe"
,,,,91,"Mia Davis","Utilisateur associé à une association"
92,,,,,"Elijah Martin","Utilisateur normal"
,92,,,,"Olivia Wilson","Utilisateur associé à une salle de concert"
,,92,,,"Henry Clark","Utilisateur associé à un artiste"
,,,92,,"Sophia Davis","Utilisateur associé à un groupe"
,,,,92,"Ethan Thompson","Utilisateur associé à une association"
93,,,,,"Mia Anderson","Utilisateur normal"
,93,,,,"Alexander Wilson","Utilisateur associé à une salle de concert"
,,93,,,"Sophia Clark","Utilisateur associé à un artiste"
,,,93,,"Henry Thompson","Utilisateur associé à un groupe"
,,,,93,"Amelia Davis","Utilisateur associé à une association"
94,,,,,"Oliver Martin","Utilisateur normal"
,94,,,,"Lucas Johnson","Utilisateur associé à une salle de concert"
,,94,,,"Mia Thompson","Utilisateur associé à un artiste"
,,,94,,"Sophia Davis","Utilisateur associé à un groupe"
,,,,94,"Henry Wilson","Utilisateur associé à une association"
95,,,,,"Emma Anderson","Utilisateur normal"
,95,,,,"Henry Clark","Utilisateur associé à une salle de concert"
,,95,,,"Sophia Davis","Utilisateur associé à un artiste"
,,,95,,"Lucas Thompson","Utilisateur associé à un groupe"
,,,,95,"Amelia Wilson","Utilisateur associé à une association"
96,,,,,"Oliver Martin","Utilisateur normal"
,96,,,,"Mia Johnson","Utilisateur associé à une salle de concert"
,,96,,,"Alexander Wilson","Utilisateur associé à un artiste"
,,,96,,"Sophia Davis","Utilisateur associé à un groupe"
,,,,96,"Henry Thompson","Utilisateur associé à une association"
97,,,,,"Lucas Anderson","Utilisateur normal"
,97,,,,"Emma Wilson","Utilisateur associé à une salle de concert"
,,97,,,"Oliver Clark","Utilisateur associé à un artiste"
,,,97,,"Henry Thompson","Utilisateur associé à un groupe"
,,,,97,"Amelia Davis","Utilisateur associé à une association"
98,,,,,"Ethan Martin","Utilisateur normal"
,98,,,,"Sophia Wilson","Utilisateur associé à une salle de concert"
,,98,,,"Henry Thompson","Utilisateur associé à un artiste"
,,,98,,"Lucas Davis","Utilisateur associé à un groupe"
,,,,98,"Mia Johnson","Utilisateur associé à une association"
99,,,,,"Olivia Anderson","Utilisateur normal"
,99,,,,"Amelia Wilson","Utilisateur associé à une salle de concert"
,,99,,,"Henry Clark","Utilisateur associé à un artiste"
,,,99,,"Sophia Davis","Utilisateur associé à un groupe"
,,,,99,"Elijah Thompson","Utilisateur associé à une association"
100,,,,,"Lucas Martin","Utilisateur normal"
,100,,,,"Mia Johnson","Utilisateur associé à une salle de concert"
,,100,,,"Alexander Wilson","Utilisateur associé à un artiste"
,,,100,,"Sophia Davis","Utilisateur associé à un groupe"
,,,,100,"Henry Thompson","Utilisateur associé à une association"
101,,,,,"Sophia Anderson","Utilisateur normal"
,101,,,,"Henry Wilson","Utilisateur associé à une salle de concert"
,,101,,,"Amelia Clark","Utilisateur associé à un artiste"
,,,101,,"Lucas Thompson","Utilisateur associé à un groupe"
,,,,101,"Mia Davis","Utilisateur associé à une association"
102,,,,,"Elijah Martin","Utilisateur normal"
,102,,,,"Olivia Wilson","Utilisateur associé à une salle de concert"
,,102,,,"Henry Clark","Utilisateur associé à un artiste"
,,,102,,"Sophia Davis","Utilisateur associé à un groupe"
,,,,102,"Ethan Thompson","Utilisateur associé à une association"
103,,,,,"Mia Anderson","Utilisateur normal"
,103,,,,"Alexander Wilson","Utilisateur associé à une salle de concert"
,,103,,,"Sophia Clark","Utilisateur associé à un artiste"
,,,103,,"Henry Thompson","Utilisateur associé à un groupe"
,,,,103,"Amelia Davis","Utilisateur associé à une association"
104,,,,,"Oliver Martin","Utilisateur normal"
,104,,,,"Lucas Johnson","Utilisateur associé à une salle de concert"
,,104,,,"Mia Thompson","Utilisateur associé à un artiste"
,,,104,,"Sophia Davis","Utilisateur associé à un groupe"
,,,,104,"Henry Wilson","Utilisateur associé à une association"
105,,,,,"Emma Anderson","Utilisateur normal"
,105,,,,"Henry Clark","Utilisateur associé à une salle de concert"
,,105,,,"Sophia Davis","Utilisateur associé à un artiste"
,,,105,,"Lucas Thompson","Utilisateur associé à un groupe"
,,,,105,"Amelia Wilson","Utilisateur associé à une association"
106,,,,,"Oliver Martin","Utilisateur normal"
,106,,,,"Mia Johnson","Utilisateur associé à une salle de concert"
,,106,,,"Alexander Wilson","Utilisateur associé à un artiste"
,,,106,,"Sophia Davis","Utilisateur associé à un groupe"
,,,,106,"Henry Thompson","Utilisateur associé à une association"
107,,,,,"Lucas Anderson","Utilisateur normal"
,107,,,,"Emma Wilson","Utilisateur associé à une salle de concert"
,,107,,,"Oliver Clark","Utilisateur associé à un artiste"
,,,107,,"Henry Thompson","Utilisateur associé à un groupe"
,,,,107,"Amelia Davis","Utilisateur associé à une association"
108,,,,,"Ethan Martin","Utilisateur normal"
,108,,,,"Sophia Wilson","Utilisateur associé à une salle de concert"
,,108,,,"Henry Thompson","Utilisateur associé à un artiste"
,,,108,,"Lucas Davis","Utilisateur associé à un groupe"
,,,,108,"Mia Johnson","Utilisateur associé à une association"
109,,,,,"Olivia Anderson","Utilisateur normal"
,109,,,,"Amelia Wilson","Utilisateur associé à une salle de concert"
,,109,,,"Henry Clark","Utilisateur associé à un artiste"
,,,109,,"Sophia Davis","Utilisateur associé à un groupe"
,,,,109,"Elijah Thompson","Utilisateur associé à une association"
110,,,,,"Lucas Martin","Utilisateur normal"
,110,,,,"Mia Johnson","Utilisateur associé à une salle de concert"
,,110,,,"Alexander Wilson","Utilisateur associé à un artiste"
,,,110,,"Sophia Davis","Utilisateur associé à un groupe"
,,,,110,"Henry Thompson","Utilisateur associé à une association"
111,,,,,"Sophia Anderson","Utilisateur normal"
,111,,,,"Henry Wilson","Utilisateur associé à une salle de concert"
,,111,,,"Amelia Clark","Utilisateur associé à un artiste"
,,,111,,"Lucas Thompson","Utilisateur associé à un groupe"
,,,,111,"Mia Davis","Utilisateur associé à une association"
112,,,,,"Elijah Martin","Utilisateur normal"
,112,,,,"Olivia Wilson","Utilisateur associé à une salle de concert"
,,112,,,"Henry Clark","Utilisateur associé à un artiste"
,,,112,,"Sophia Davis","Utilisateur associé à un groupe"
,,,,112,"Ethan Thompson","Utilisateur associé à une association"
113,,,,,"Mia Anderson","Utilisateur normal"
,113,,,,"Alexander Wilson","Utilisateur associé à une salle de concert"
,,113,,,"Sophia Clark","Utilisateur associé à un artiste"
,,,113,,"Henry Thompson","Utilisateur associé à un groupe"
,,,,113,"Amelia Davis","Utilisateur associé à une association"
114,,,,,"Oliver Martin","Utilisateur normal"
,114,,,,"Lucas Johnson","Utilisateur associé à une salle de concert"
,,114,,,"Mia Thompson","Utilisateur associé à un artiste"
,,,114,,"Sophia Davis","Utilisateur associé à un groupe"
,,,,114,"Henry Wilson","Utilisateur associé à une association"
115,,,,,"Emma Anderson","Utilisateur normal"
,115,,,,"Henry Clark","Utilisateur associé à une salle de concert"
,,115,,,"Sophia Davis","Utilisateur associé à un artiste"
,,,115,,"Lucas Thompson","Utilisateur associé à un groupe"
,,,,115,"Amelia Wilson","Utilisateur associé à une association"
116,,,,,"Oliver Martin","Utilisateur normal"
,116,,,,"Mia Johnson","Utilisateur associé à une salle de concert"
,,116,,,"Alexander Wilson","Utilisateur associé à un artiste"
,,,116,,"Sophia Davis","Utilisateur associé à un groupe"
,,,,116,"Henry Thompson","Utilisateur associé à une association"
117,,,,,"Lucas Anderson","Utilisateur normal"
,117,,,,"Emma Wilson","Utilisateur associé à une salle de concert"
,,117,,,"Oliver Clark","Utilisateur associé à un artiste"
,,,117,,"Henry Thompson","Utilisateur associé à un groupe"
,,,,117,"Amelia Davis","Utilisateur associé à une association"
118,,,,,"Ethan Martin","Utilisateur normal"
,118,,,,"Sophia Wilson","Utilisateur associé à une salle de concert"
,,118,,,"Henry Thompson","Utilisateur associé à un artiste"
,,,118,,"Lucas Davis","Utilisateur associé à un groupe"
,,,,118,"Mia Johnson","Utilisateur associé à une association"
119,,,,,"Olivia Anderson","Utilisateur normal"
,119,,,,"Amelia Wilson","Utilisateur associé à une salle de concert"
,,119,,,"Henry Clark","Utilisateur associé à un artiste"
,,,119,,"Sophia Davis","Utilisateur associé à un groupe"
,,,,119,"Elijah Thompson","Utilisateur associé à une association"
120,,,,,"Lucas Martin","Utilisateur normal"
,120,,,,"Mia Johnson","Utilisateur associé à une salle de concert"
,,120,,,"Alexander Wilson","Utilisateur associé à un artiste"
,,,120,,"Sophia Davis","Utilisateur associé à un groupe"
,,,,120,"Henry Thompson","Utilisateur associé à une association"
121,,,,,"Sophia Anderson","Utilisateur normal"
,121,,,,"Henry Wilson","Utilisateur associé à une salle de concert"
,,121,,,"Amelia Clark","Utilisateur associé à un artiste"
,,,121,,"Lucas Thompson","Utilisateur associé à un groupe"
,,,,121,"Mia Davis","Utilisateur associé à une association"
122,,,,,"Elijah Martin","Utilisateur normal"
,122,,,,"Olivia Wilson","Utilisateur associé à une salle de concert"
,,122,,,"Henry Clark","Utilisateur associé à un artiste"
,,,122,,"Sophia Davis","Utilisateur associé à un groupe"
,,,,122,"Ethan Thompson","Utilisateur associé à une association"
123,,,,,"Mia Anderson","Utilisateur normal"
,123,,,,"Alexander Wilson","Utilisateur associé à une salle de concert"
,,123,,,"Sophia Clark","Utilisateur associé à un artiste"
,,,123,,"Henry Thompson","Utilisateur associé à un groupe"
,,,,123,"Amelia Davis","Utilisateur associé à une association"
124,,,,,"Oliver Martin","Utilisateur normal"
,124,,,,"Lucas Johnson","Utilisateur associé à une salle de concert"
,,124,,,"Mia Thompson","Utilisateur associé à un artiste"
,,,124,,"Sophia Davis","Utilisateur associé à un groupe"
,,,,124,"Henry Wilson","Utilisateur associé à une association"
125,,,,,"Emma Anderson","Utilisateur normal"
,125,,,,"Henry Clark","Utilisateur associé à une salle de concert"
,,125,,,"Sophia Davis","Utilisateur associé à un artiste"
,,,125,,"Lucas Thompson","Utilisateur associé à un groupe"
,,,,125,"Amelia Wilson","Utilisateur associé à une association"
126,,,,,"Oliver Martin","Utilisateur normal"
,126,,,,"Mia Johnson","Utilisateur associé à une salle de concert"
,,126,,,"Alexander Wilson","Utilisateur associé à un artiste"
,,,126,,"Sophia Davis","Utilisateur associé à un groupe"
,,,,126,"Henry Thompson","Utilisateur associé à une association"
127,,,,,"Lucas Anderson","Utilisateur normal"
,127,,,,"Emma Wilson","Utilisateur associé à une salle de concert"
,,127,,,"Oliver Clark","Utilisateur associé à un artiste"
,,,127,,"Henry Thompson","Utilisateur associé à un groupe"
,,,,127,"Amelia Davis","Utilisateur associé à une association"
128,,,,,"Ethan Martin","Utilisateur normal"
,128,,,,"Sophia Wilson","Utilisateur associé à une salle de concert"
,,128,,,"Henry Thompson","Utilisateur associé à un artiste"
,,,128,,"Lucas Davis","Utilisateur associé à un groupe"
,,,,128,"Mia Johnson","Utilisateur associé à une association"
129,,,,,"Olivia Anderson","Utilisateur normal"
,129,,,,"Amelia Wilson","Utilisateur associé à une salle de concert"
,,129,,,"Henry Clark","Utilisateur associé à un artiste"
,,,129,,"Sophia Davis","Utilisateur associé à un groupe"
,,,,129,"Elijah Thompson","Utilisateur associé à une association"
130,,,,,"Lucas Martin","Utilisateur normal"
,130,,,,"Mia Johnson","Utilisateur associé à une salle de concert"
,,130,,,"Alexander Wilson","Utilisateur associé à un artiste"
,,,130,,"Sophia Davis","Utilisateur associé à un groupe"
,,,,130,"Henry Thompson","Utilisateur associé à une association"
131,,,,,"Sophia Anderson","Utilisateur normal"
,131,,,,"Henry Wilson","Utilisateur associé à une salle de concert"
,,131,,,"Amelia Clark","Utilisateur associé à un artiste"
,,,131,,"Lucas Thompson","Utilisateur associé à un groupe"
,,,,131,"Mia Davis","Utilisateur associé à une association"
132,,,,,"Elijah Martin","Utilisateur normal"
,132,,,,"Olivia Wilson","Utilisateur associé à une salle de concert"
,,132,,,"Henry Clark","Utilisateur associé à un artiste"
,,,132,,"Sophia Davis","Utilisateur associé à un groupe"
,,,,132,"Ethan Thompson","Utilisateur associé à une association"
133,,,,,"Mia Anderson","Utilisateur normal"
,133,,,,"Alexander Wilson","Utilisateur associé à une salle de concert"
,,133,,,"Sophia Clark","Utilisateur associé à un artiste"
,,,133,,"Henry Thompson","Utilisateur associé à un groupe"
,,,,133,"Amelia Davis","Utilisateur associé à une association"
134,,,,,"Oliver Martin","Utilisateur normal"
,134,,,,"Lucas Johnson","Utilisateur associé à une salle de concert"
,,134,,,"Mia Thompson","Utilisateur associé à un artiste"
,,,134,,"Sophia Davis","Utilisateur associé à un groupe"
,,,,134,"Henry Wilson","Utilisateur associé à une association"
135,,,,,"Emma Anderson","Utilisateur normal"
,135,,,,"Henry Clark","Utilisateur associé à une salle de concert"
,,135,,,"Sophia Davis","Utilisateur associé à un artiste"
,,,135,,"Lucas Thompson","Utilisateur associé à un groupe"
,,,,135,"Amelia Wilson","Utilisateur associé à une association"
136,,,,,"Oliver Martin","Utilisateur normal"
,136,,,,"Mia Johnson","Utilisateur associé à une salle de concert"
,,136,,,"Alexander Wilson","Utilisateur associé à un artiste"
,,,136,,"Sophia Davis","Utilisateur associé à un groupe"
,,,,136,"Henry Thompson","Utilisateur associé à une association"
137,,,,,"Lucas Anderson","Utilisateur normal"
,137,,,,"Emma Wilson","Utilisateur associé à une salle de concert"
,,137,,,"Oliver Clark","Utilisateur associé à un artiste"
,,,137,,"Henry Thompson","Utilisateur associé à un groupe"
,,,,137,"Amelia Davis","Utilisateur associé à une association"
138,,,,,"Ethan Martin","Utilisateur normal"
,138,,,,"Sophia Wilson","Utilisateur associé à une salle de concert"
,,138,,,"Henry Thompson","Utilisateur associé à un artiste"
,,,138,,"Lucas Davis","Utilisateur associé à un groupe"
,,,,138,"Mia Johnson","Utilisateur associé à une association"
139,,,,,"Olivia Anderson","Utilisateur normal"
,139,,,,"Amelia Wilson","Utilisateur associé à une salle de concert"
,,139,,,"Henry Clark","Utilisateur associé à un artiste"
,,,139,,"Sophia Davis","Utilisateur associé à un groupe"
,,,,139,"Elijah Thompson","Utilisateur associé à une association"
140,,,,,"Lucas Martin","Utilisateur normal"
,140,,,,"Mia Johnson","Utilisateur associé à une salle de concert"
,,140,,,"Alexander Wilson","Utilisateur associé à un artiste"
,,,140,,"Sophia Davis","Utilisateur associé à un groupe"
,,,,140,"Henry Thompson","Utilisateur associé à une association"
141,,,,,"Sophia Anderson","Utilisateur normal"
,141,,,,"Henry Wilson","Utilisateur associé à une salle de concert"
,,141,,,"Amelia Clark","Utilisateur associé à un artiste"
,,,141,,"Lucas Thompson","Utilisateur associé à un groupe"
,,,,141,"Mia Davis","Utilisateur associé à une association"
142,,,,,"Elijah Martin","Utilisateur normal"
,142,,,,"Olivia Wilson","Utilisateur associé à une salle de concert"
,,142,,,"Henry Clark","Utilisateur associé à un artiste"
,,,142,,"Sophia Davis","Utilisateur associé à un groupe"
,,,,142,"Ethan Thompson","Utilisateur associé à une association"
143,,,,,"Mia Anderson","Utilisateur normal"
,143,,,,"Alexander Wilson","Utilisateur associé à une salle de concert"
,,143,,,"Sophia Clark","Utilisateur associé à un artiste"
,,,143,,"Henry Thompson","Utilisateur associé à un groupe"
,,,,143,"Amelia Davis","Utilisateur associé à une association"
144,,,,,"Oliver Martin","Utilisateur normal"
,144,,,,"Lucas Johnson","Utilisateur associé à une salle de concert"
,,144,,,"Mia Thompson","Utilisateur associé à un artiste"
,,,144,,"Sophia Davis","Utilisateur associé à un groupe"
,,,,144,"Henry Wilson","Utilisateur associé à une association"
145,,,,,"Emma Anderson","Utilisateur normal"
,145,,,,"Henry Clark","Utilisateur associé à une salle de concert"
,,145,,,"Sophia Davis","Utilisateur associé à un artiste"
,,,145,,"Lucas Thompson","Utilisateur associé à un groupe"
,,,,145,"Amelia Wilson","Utilisateur associé à une association"
146,,,,,"Oliver Martin","Utilisateur normal"
,146,,,,"Mia Johnson","Utilisateur associé à une salle de concert"
,,146,,,"Alexander Wilson","Utilisateur associé à un artiste"
,,,146,,"Sophia Davis","Utilisateur associé à un groupe"
,,,,146,"Henry Thompson","Utilisateur associé à une association"
147,,,,,"Lucas Anderson","Utilisateur normal"
,147,,,,"Emma Wilson","Utilisateur associé à une salle de concert"
,,147,,,"Oliver Clark","Utilisateur associé à un artiste"
,,,147,,"Henry Thompson","Utilisateur associé à un groupe"
,,,,147,"Amelia Davis","Utilisateur associé à une association"
148,,,,,"Ethan Martin","Utilisateur normal"
,148,,,,"Sophia Wilson","Utilisateur associé à une salle de concert"
,,148,,,"Henry Thompson","Utilisateur associé à un artiste"
,,,148,,"Lucas Davis","Utilisateur associé à un groupe"
,,,,148,"Mia Johnson","Utilisateur associé à une association"
149,,,,,"Olivia Anderson","Utilisateur normal"
,149,,,,"Amelia Wilson","Utilisateur associé à une salle de concert"
,,149,,,"Henry Clark","Utilisateur associé à un artiste"
,,,149,,"Sophia Davis","Utilisateur associé à un groupe"
,,,,149,"Elijah Thompson","Utilisateur associé à une association"
150,,,,,"Lucas Martin","Utilisateur normal"
,150,,,,"Mia Johnson","Utilisateur associé à une salle de concert"
,,150,,,"Alexander Wilson","Utilisateur associé à un artiste"
,,,150,,"Sophia Davis","Utilisateur associé à un groupe"
,,,,150,"Henry Thompson","Utilisateur associé à une association"
151,,,,,"Sophia Anderson","Utilisateur normal"
,151,,,,"Henry Wilson","Utilisateur associé à une salle de concert"
,,151,,,"Amelia Clark","Utilisateur associé à un artiste"
,,,151,,"Lucas Thompson","Utilisateur associé à un groupe"
,,,,151,"Mia Davis","Utilisateur associé à une association"
152,,,,,"Elijah Martin","Utilisateur normal"
,152,,,,"Olivia Wilson","Utilisateur associé à une salle de concert"
,,152,,,"Henry Clark","Utilisateur associé à un artiste"
,,,152,,"Sophia Davis","Utilisateur associé à un groupe"
,,,,152,"Ethan Thompson","Utilisateur associé à une association"
153,,,,,"Mia Anderson","Utilisateur normal"
,153,,,,"Alexander Wilson","Utilisateur associé à une salle de concert"
,,153,,,"Sophia Clark","Utilisateur associé à un artiste"
,,,153,,"Henry Thompson","Utilisateur associé à un groupe"
,,,,153,"Amelia Davis","Utilisateur associé à une association"
154,,,,,"Oliver Martin","Utilisateur normal"
,154,,,,"Lucas Johnson","Utilisateur associé à une salle de concert"
,,154,,,"Mia Thompson","Utilisateur associé à un artiste"
,,,154,,"Sophia Davis","Utilisateur associé à un groupe"
,,,,154,"Henry Wilson","Utilisateur associé à une association"
155,,,,,"Emma Anderson","Utilisateur normal"
,155,,,,"Henry Clark","Utilisateur associé à une salle de concert"
,,155,,,"Sophia Davis","Utilisateur associé à un artiste"
,,,155,,"Lucas Thompson","Utilisateur associé à un groupe"
,,,,155,"Amelia Wilson","Utilisateur associé à une association"
156,,,,,"Oliver Martin","Utilisateur normal"
,156,,,,"Mia Johnson","Utilisateur associé à une salle de concert"
,,156,,,"Alexander Wilson","Utilisateur associé à un artiste"
,,,156,,"Sophia Davis","Utilisateur associé à un groupe"
,,,,156,"Henry Thompson","Utilisateur associé à une association"
157,,,,,"Lucas Anderson","Utilisateur normal"
,157,,,,"Emma Wilson","Utilisateur associé à une salle de concert"
,,157,,,"Oliver Clark","Utilisateur associé à un artiste"
,,,157,,"Henry Thompson","Utilisateur associé à un groupe"
,,,,157,"Amelia Davis","Utilisateur associé à une association"
158,,,,,"Ethan Martin","Utilisateur normal"
,158,,,,"Sophia Wilson","Utilisateur associé à une salle de concert"
,,158,,,"Henry Thompson","Utilisateur associé à un artiste"
,,,158,,"Lucas Davis","Utilisateur associé à un groupe"
,,,,158,"Mia Johnson","Utilisateur associé à une association"
159,,,,,"Olivia Anderson","Utilisateur normal"
,159,,,,"Amelia Wilson","Utilisateur associé à une salle de concert"
,,159,,,"Henry Clark","Utilisateur associé à un artiste"
,,,159,,"Sophia Davis","Utilisateur associé à un groupe"
,,,,159,"Elijah Thompson","Utilisateur associé à une association"
160,,,,,"Lucas Martin","Utilisateur normal"
,160,,,,"Mia Johnson","Utilisateur associé à une salle de concert"
,,160,,,"Alexander Wilson","Utilisateur associé à un artiste"
,,,160,,"Sophia Davis","Utilisateur associé à un groupe"
,,,,160,"Henry Thompson","Utilisateur associé à une association"
161,,,,,"Sophia Anderson","Utilisateur normal"
,161,,,,"Henry Wilson","Utilisateur associé à une salle de concert"
,,161,,,"Amelia Clark","Utilisateur associé à un artiste"
,,,161,,"Lucas Thompson","Utilisateur associé à un groupe"
,,,,161,"Mia Davis","Utilisateur associé à une association"
162,,,,,"Elijah Martin","Utilisateur normal"
,162,,,,"Olivia Wilson","Utilisateur associé à une salle de concert"
,,162,,,"Henry Clark","Utilisateur associé à un artiste"
,,,162,,"Sophia Davis","Utilisateur associé à un groupe"
,,,,162,"Ethan Thompson","Utilisateur associé à une association"
163,,,,,"Mia Anderson","Utilisateur normal"
,163,,,,"Alexander Wilson","Utilisateur associé à une salle de concert"
,,163,,,"Sophia Clark","Utilisateur associé à un artiste"
,,,163,,"Henry Thompson","Utilisateur associé à un groupe"
,,,,163,"Amelia Davis","Utilisateur associé à une association"
164,,,,,"Oliver Martin","Utilisateur normal"
,164,,,,"Lucas Johnson","Utilisateur associé à une salle de concert"
,,164,,,"Mia Thompson","Utilisateur associé à un artiste"
,,,164,,"Sophia Davis","Utilisateur associé à un groupe"
,,,,164,"Henry Wilson","Utilisateur associé à une association"
165,,,,,"Emma Anderson","Utilisateur normal"
,165,,,,"Henry Clark","Utilisateur associé à une salle de concert"
,,165,,,"Sophia Davis","Utilisateur associé à un artiste"
,,,165,,"Lucas Thompson","Utilisateur associé à un groupe"
,,,,165,"Amelia Wilson","Utilisateur associé à une association"
166,,,,,"Oliver Martin","Utilisateur normal"
,166,,,,"Mia Johnson","Utilisateur associé à une salle de concert"
,,166,,,"Alexander Wilson","Utilisateur associé à un artiste"
,,,166,,"Sophia Davis","Utilisateur associé à un groupe"
,,,,166,"Henry Thompson","Utilisateur associé à une association"
167,,,,,"Lucas Anderson","Utilisateur normal"
,167,,,,"Emma Wilson","Utilisateur associé à une salle de concert"
,,167,,,"Oliver Clark","Utilisateur associé à un artiste"
,,,167,,"Henry Thompson","Utilisateur associé à un groupe"
,,,,167,"Amelia Davis","Utilisateur associé à une association"
168,,,,,"Ethan Martin","Utilisateur normal"
,168,,,,"Sophia Wilson","Utilisateur associé à une salle de concert"
,,168,,,"Henry Thompson","Utilisateur associé à un artiste"
,,,168,,"Lucas Davis","Utilisateur associé à un groupe"
,,,,168,"Mia Johnson","Utilisateur associé à une association"
169,,,,,"Olivia Anderson","Utilisateur normal"
,169,,,,"Amelia Wilson","Utilisateur associé à une salle de concert"
,,169,,,"Henry Clark","Utilisateur associé à un artiste"
,,,169,,"Sophia Davis","Utilisateur associé à un groupe"
,,,,169,"Elijah Thompson","Utilisateur associé à une association"
170,,,,,"Lucas Martin","Utilisateur normal"
,170,,,,"Mia Johnson","Utilisateur associé à une salle de concert"
,,170,,,"Alexander Wilson","Utilisateur associé à un artiste"
,,,170,,"Sophia Davis","Utilisateur associé à un groupe"
,,,,170,"Henry Thompson","Utilisateur associé à une association"
171,,,,,"Sophia Anderson","Utilisateur normal"
,171,,,,"Henry Wilson","Utilisateur associé à une salle de concert"
,,171,,,"Amelia Clark","Utilisateur associé à un artiste"
,,,171,,"Lucas Thompson","Utilisateur associé à un groupe"
,,,,171,"Mia Davis","Utilisateur associé à une association"
172,,,,,"Elijah Martin","Utilisateur normal"
,172,,,,"Olivia Wilson","Utilisateur associé à une salle de concert"
,,172,,,"Henry Clark","Utilisateur associé à un artiste"
,,,172,,"Sophia Davis","Utilisateur associé à un groupe"
,,,,172,"Ethan Thompson","Utilisateur associé à une association"
173,,,,,"Mia Anderson","Utilisateur normal"
,173,,,,"Alexander Wilson","Utilisateur associé à une salle de concert"
,,173,,,"Sophia Clark","Utilisateur associé à un artiste"
,,,173,,"Henry Thompson","Utilisateur associé à un groupe"
,,,,173,"Amelia Davis","Utilisateur associé à une association"
174,,,,,"Oliver Martin","Utilisateur normal"
,174,,,,"Lucas Johnson","Utilisateur associé à une salle de concert"
,,174,,,"Mia Thompson","Utilisateur associé à un artiste"
,,,174,,"Sophia Davis","Utilisateur associé à un groupe"
,,,,174,"Henry Wilson","Utilisateur associé à une association"
175,,,,,"Emma Anderson","Utilisateur normal"
,175,,,,"Henry Clark","Utilisateur associé à une salle de concert"
,,175,,,"Sophia Davis","Utilisateur associé à un artiste"
,,,175,,"Lucas Thompson","Utilisateur associé à un groupe"
,,,,175,"Amelia Wilson","Utilisateur associé à une association"
176,,,,,"Oliver Martin","Utilisateur normal"
,176,,,,"Mia Johnson","Utilisateur associé à une salle de concert"
,,176,,,"Alexander Wilson","Utilisateur associé à un artiste"
,,,176,,"Sophia Davis","Utilisateur associé à un groupe"
,,,,176,"Henry Thompson","Utilisateur associé à une association"
177,,,,,"Lucas Anderson","Utilisateur normal"
,177,,,,"Emma Wilson","Utilisateur associé à une salle de concert"
,,177,,,"Oliver Clark","Utilisateur associé à un artiste"
,,,177,,"Henry Thompson","Utilisateur associé à un groupe"
,,,,177,"Amelia Davis","Utilisateur associé à une association"
178,,,,,"Ethan Martin","Utilisateur normal"
,178,,,,"Sophia Wilson","Utilisateur associé à une salle de concert"
,,178,,,"Henry Thompson","Utilisateur associé à un artiste"
,,,178,,"Lucas Davis","Utilisateur associé à un groupe"
,,,,178,"Mia Johnson","Utilisateur associé à une association"
179,,,,,"Olivia Anderson","Utilisateur normal"
,179,,,,"Amelia Wilson","Utilisateur associé à une salle de concert"
,,179,,,"Henry Clark","Utilisateur associé à un artiste"
,,,179,,"Sophia Davis","Utilisateur associé à un groupe"
,,,,179,"Elijah Thompson","Utilisateur associé à une association"
180,,,,,"Lucas Martin","Utilisateur normal"
,180,,,,"Mia Johnson","Utilisateur associé à une salle de concert"
,,180,,,"Alexander Wilson","Utilisateur associé à un artiste"
,,,180,,"Sophia Davis","Utilisateur associé à un groupe"
,,,,180,"Henry Thompson","Utilisateur associé à une association"
181,,,,,"Sophia Anderson","Utilisateur normal"
,181,,,,"Henry Wilson","Utilisateur associé à une salle de concert"
,,181,,,"Amelia Clark","Utilisateur associé à un artiste"
,,,181,,"Lucas Thompson","Utilisateur associé à un groupe"
,,,,181,"Mia Davis","Utilisateur associé à une association"
182,,,,,"Elijah Martin","Utilisateur normal"
,182,,,,"Olivia Wilson","Utilisateur associé à une salle de concert"
,,182,,,"Henry Clark","Utilisateur associé à un artiste"
,,,182,,"Sophia Davis","Utilisateur associé à un groupe"
,,,,182,"Ethan Thompson","Utilisateur associé à une association"
183,,,,,"Mia Anderson","Utilisateur normal"
,183,,,,"Alexander Wilson","Utilisateur associé à une salle de concert"
,,183,,,"Sophia Clark","Utilisateur associé à un artiste"
,,,183,,"Henry Thompson","Utilisateur associé à un groupe"
,,,,183,"Amelia Davis","Utilisateur associé à une association"
184,,,,,"Oliver Martin","Utilisateur normal"
,184,,,,"Lucas Johnson","Utilisateur associé à une salle de concert"
,,184,,,"Mia Thompson","Utilisateur associé à un artiste"
,,,184,,"Sophia Davis","Utilisateur associé à un groupe"
,,,,184,"Henry Wilson","Utilisateur associé à une association"
185,,,,,"Emma Anderson","Utilisateur normal"
,185,,,,"Henry Clark","Utilisateur associé à une salle de concert"
,,185,,,"Sophia Davis","Utilisateur associé à un artiste"
,,,185,,"Lucas Thompson","Utilisateur associé à un groupe"
,,,,185,"Amelia Wilson","Utilisateur associé à une association"
186,,,,,"Oliver Martin","Utilisateur normal"
,186,,,,"Mia Johnson","Utilisateur associé à une salle de concert"
,,186,,,"Alexander Wilson","Utilisateur associé à un artiste"
,,,186,,"Sophia Davis","Utilisateur associé à un groupe"
,,,,186,"Henry Thompson","Utilisateur associé à une association"
187,,,,,"Lucas Anderson","Utilisateur normal"
,187,,,,"Emma Wilson","Utilisateur associé à une salle de concert"
,,187,,,"Oliver Clark","Utilisateur associé à un artiste"
,,,187,,"Henry Thompson","Utilisateur associé à un groupe"
,,,,187,"Amelia Davis","Utilisateur associé à une association"
188,,,,,"Ethan Martin","Utilisateur normal"
,188,,,,"Sophia Wilson","Utilisateur associé à une salle de concert"
,,188,,,"Henry Thompson","Utilisateur associé à un artiste"
,,,188,,"Lucas Davis","Utilisateur associé à un groupe"
,,,,188,"Mia Johnson","Utilisateur associé à une association"
189,,,,,"Olivia Anderson","Utilisateur normal"
,189,,,,"Amelia Wilson","Utilisateur associé à une salle de concert"
,,189,,,"Henry Clark","Utilisateur associé à un artiste"
,,,189,,"Sophia Davis","Utilisateur associé à un groupe"
,,,,189,"Elijah Thompson","Utilisateur associé à une association"
190,,,,,"Lucas Martin","Utilisateur normal"
,190,,,,"Mia Johnson","Utilisateur associé à une salle de concert"
,,190,,,"Alexander Wilson","Utilisateur associé à un artiste"
,,,190,,"Sophia Davis","Utilisateur associé à un groupe"
,,,,190,"Henry Thompson","Utilisateur associé à une association"
191,,,,,"Sophia Anderson","Utilisateur normal"
,191,,,,"Henry Wilson","Utilisateur associé à une salle de concert"
,,191,,,"Amelia Clark","Utilisateur associé à un artiste"
,,,191,,"Lucas Thompson","Utilisateur associé à un groupe"
,,,,191,"Mia Davis","Utilisateur associé à une association"
192,,,,,"Elijah Martin","Utilisateur normal"
,192,,,,"Olivia Wilson","Utilisateur associé à une salle de concert"
,,192,,,"Henry Clark","Utilisateur associé à un artiste"
,,,192,,"Sophia Davis","Utilisateur associé à un groupe"
,,,,192,"Ethan Thompson","Utilisateur associé à une association"
193,,,,,"Mia Anderson","Utilisateur normal"
,193,,,,"Alexander Wilson","Utilisateur associé à une salle de concert"
,,193,,,"Sophia Clark","Utilisateur associé à un artiste"
,,,193,,"Henry Thompson","Utilisateur associé à un groupe"
,,,,193,"Amelia Davis","Utilisateur associé à une association"
194,,,,,"Oliver Martin","Utilisateur normal"
,194,,,,"Lucas Johnson","Utilisateur associé à une salle de concert"
,,194,,,"Mia Thompson","Utilisateur associé à un artiste"
,,,194,,"Sophia Davis","Utilisateur associé à un groupe"
,,,,194,"Henry Wilson","Utilisateur associé à une association"
195,,,,,"Emma Anderson","Utilisateur normal"
,195,,,,"Henry Clark","Utilisateur associé à une salle de concert"
,,195,,,"Sophia Davis","Utilisateur associé à un artiste"
,,,195,,"Lucas Thompson","Utilisateur associé à un groupe"
,,,,195,"Amelia Wilson","Utilisateur associé à une association"
196,,,,,"Oliver Martin","Utilisateur normal"
,196,,,,"Mia Johnson","Utilisateur associé à une salle de concert"
,,196,,,"Alexander Wilson","Utilisateur associé à un artiste"
,,,196,,"Sophia Davis","Utilisateur associé à un groupe"
,,,,196,"Henry Thompson","Utilisateur associé à une association"
197,,,,,"Lucas Anderson","Utilisateur normal"
,197,,,,"Emma Wilson","Utilisateur associé à une salle de concert"
,,197,,,"Oliver Clark","Utilisateur associé à un artiste"
,,,197,,"Henry Thompson","Utilisateur associé à un groupe"
,,,,197,"Amelia Davis","Utilisateur associé à une association"
198,,,,,"Ethan Martin","Utilisateur normal"
,198,,,,"Sophia Wilson","Utilisateur associé à une salle de concert"
,,198,,,"Henry Thompson","Utilisateur associé à un artiste"
,,,198,,"Lucas Davis","Utilisateur associé à un groupe"
,,,,198,"Mia Johnson","Utilisateur associé à une association"
199,,,,,"Olivia Anderson","Utilisateur normal"
,199,,,,"Amelia Wilson","Utilisateur associé à une salle de concert"
,,199,,,"Henry Clark","Utilisateur associé à un artiste"
,,,199,,"Sophia Davis","Utilisateur associé à un groupe"
,,,,199,"Elijah Thompson","Utilisateur associé à une association"
200,,,,,"Lucas Martin","Utilisateur normal"
,200,,,,"Mia Johnson","Utilisateur associé à une salle de concert"
,,200,,,"Alexander Wilson","Utilisateur associé à un artiste"
,,,200,,"Sophia Davis","Utilisateur associé à un groupe"
,,,,200,"Henry Thompson","Utilisateur associé à une association"